{
  "Author": "Nilah Valoryn",
  "Name": "Neon Neko Tell Run",
  "InternalName": "NeonNekoTellRun",
  "AssemblyVersion": "1.0.0.0",
  "Description": "Neon Neko Tell Run — automatically shout/yell a custom macro across all worlds and major cities using Lifestream and ECommons.",
  "ApplicableVersion": "any",
  "RepoUrl": "",
  "Tags": [
    "utility",
    "social",
    "automation"
  ],
  "DalamudApiLevel": 14,
  "LoadRequiredState": 2,
  "LoadSync": false,
  "CanUnloadAsync": false,
  "LoadPriority": 0,
  "IconUrl": "",
  "Punchline": "Traverse worlds and advertise without the Excel madness.",
  "AcceptsFeedback": true
}