{
  "Author": "Nilah Valoryn",
  "Name": "Shout-Bot",
  "InternalName": "ShoutBot",
  "AssemblyVersion": "1.5.0.0",
  "Description": "Shoutot — automatically shout/yell a custom macro across all worlds and major cities using Lifestream and ECommons.",
  "ApplicableVersion": "any",
  "RepoUrl": "https://raw.githubusercontent.com/nilah-xiv/Shout-Bot-Repo/refs/heads/main/repo.json",
  "Tags": [
    "utility",
    "social",
    "automation"
  ],
  "DalamudApiLevel": 14,
  "LoadRequiredState": 2,
  "LoadSync": false,
  "CanUnloadAsync": false,
  "LoadPriority": 0,
  "IconUrl": "",
  "Punchline": "EZ shouts across every world.",
  "AcceptsFeedback": true
}